Date (LT),Year,Month,Day,Hour,AQI
01-01-20 1:00,2020,1,1,1,155
01-01-20 2:00,2020,1,1,2,148
01-01-20 3:00,2020,1,1,3,123
01-01-20 4:00,2020,1,1,4,114
01-01-20 5:00,2020,1,1,5,107
01-01-20 6:00,2020,1,1,6,99
01-01-20 7:00,2020,1,1,7,107
01-01-20 8:00,2020,1,1,8,109
01-01-20 9:00,2020,1,1,9,111
01-01-20 10:00,2020,1,1,10,114
01-01-20 11:00,2020,1,1,11,113
01-01-20 12:00,2020,1,1,12,105
01-01-20 13:00,2020,1,1,13,105
01-01-20 14:00,2020,1,1,14,102
01-01-20 15:00,2020,1,1,15,96
01-01-20 16:00,2020,1,1,16,93
01-01-20 17:00,2020,1,1,17,96
01-01-20 18:00,2020,1,1,18,98
01-01-20 19:00,2020,1,1,19,102
01-01-20 20:00,2020,1,1,20,131
01-01-20 21:00,2020,1,1,21,147
01-01-20 22:00,2020,1,1,22,146
01-01-20 23:00,2020,1,1,23,142
02-01-20 0:00,2020,1,2,0,127
02-01-20 1:00,2020,1,2,1,110
02-01-20 2:00,2020,1,2,2,97
02-01-20 3:00,2020,1,2,3,81
02-01-20 4:00,2020,1,2,4,79
02-01-20 5:00,2020,1,2,5,89
02-01-20 6:00,2020,1,2,6,83
02-01-20 7:00,2020,1,2,7,81
02-01-20 8:00,2020,1,2,8,80
02-01-20 9:00,2020,1,2,9,84
02-01-20 10:00,2020,1,2,10,78
02-01-20 11:00,2020,1,2,11,73
02-01-20 12:00,2020,1,2,12,65
02-01-20 13:00,2020,1,2,13,61
02-01-20 14:00,2020,1,2,14,63
02-01-20 15:00,2020,1,2,15,65
02-01-20 16:00,2020,1,2,16,72
02-01-20 17:00,2020,1,2,17,78
02-01-20 18:00,2020,1,2,18,76
02-01-20 19:00,2020,1,2,19,79
02-01-20 20:00,2020,1,2,20,99
02-01-20 21:00,2020,1,2,21,100
02-01-20 22:00,2020,1,2,22,106
02-01-20 23:00,2020,1,2,23,114
03-01-20 0:00,2020,1,3,0,102
03-01-20 1:00,2020,1,3,1,96
03-01-20 2:00,2020,1,3,2,91
03-01-20 3:00,2020,1,3,3,87
03-01-20 4:00,2020,1,3,4,86
03-01-20 5:00,2020,1,3,5,82
03-01-20 6:00,2020,1,3,6,88
03-01-20 7:00,2020,1,3,7,91
03-01-20 8:00,2020,1,3,8,93
03-01-20 9:00,2020,1,3,9,100
03-01-20 10:00,2020,1,3,10,93
03-01-20 11:00,2020,1,3,11,98
03-01-20 12:00,2020,1,3,12,102
03-01-20 13:00,2020,1,3,13,102
03-01-20 14:00,2020,1,3,14,98
03-01-20 15:00,2020,1,3,15,96
03-01-20 16:00,2020,1,3,16,95
03-01-20 17:00,2020,1,3,17,89
03-01-20 18:00,2020,1,3,18,88
03-01-20 19:00,2020,1,3,19,122
03-01-20 20:00,2020,1,3,20,127
03-01-20 21:00,2020,1,3,21,129
03-01-20 22:00,2020,1,3,22,133
03-01-20 23:00,2020,1,3,23,129
04-01-20 0:00,2020,1,4,0,126
04-01-20 1:00,2020,1,4,1,124
04-01-20 2:00,2020,1,4,2,125
04-01-20 3:00,2020,1,4,3,116
04-01-20 4:00,2020,1,4,4,121
04-01-20 5:00,2020,1,4,5,123
04-01-20 6:00,2020,1,4,6,137
04-01-20 7:00,2020,1,4,7,135
04-01-20 8:00,2020,1,4,8,136
04-01-20 9:00,2020,1,4,9,139
04-01-20 10:00,2020,1,4,10,139
04-01-20 11:00,2020,1,4,11,152
04-01-20 12:00,2020,1,4,12,152
04-01-20 13:00,2020,1,4,13,153
04-01-20 14:00,2020,1,4,14,152
04-01-20 15:00,2020,1,4,15,152
04-01-20 16:00,2020,1,4,16,151
04-01-20 17:00,2020,1,4,17,152
04-01-20 18:00,2020,1,4,18,152
04-01-20 19:00,2020,1,4,19,153
04-01-20 20:00,2020,1,4,20,155
04-01-20 21:00,2020,1,4,21,156
04-01-20 22:00,2020,1,4,22,155
04-01-20 23:00,2020,1,4,23,154
05-01-20 0:00,2020,1,5,0,152
05-01-20 1:00,2020,1,5,1,153
05-01-20 2:00,2020,1,5,2,153
05-01-20 3:00,2020,1,5,3,153
05-01-20 4:00,2020,1,5,4,152
05-01-20 5:00,2020,1,5,5,149
05-01-20 6:00,2020,1,5,6,144
05-01-20 7:00,2020,1,5,7,144
05-01-20 8:00,2020,1,5,8,152
05-01-20 9:00,2020,1,5,9,153
05-01-20 10:00,2020,1,5,10,154
05-01-20 11:00,2020,1,5,11,155
05-01-20 12:00,2020,1,5,12,155
05-01-20 13:00,2020,1,5,13,156
05-01-20 14:00,2020,1,5,14,154
05-01-20 15:00,2020,1,5,15,152
05-01-20 16:00,2020,1,5,16,152
05-01-20 17:00,2020,1,5,17,153
05-01-20 18:00,2020,1,5,18,154
05-01-20 19:00,2020,1,5,19,155
05-01-20 20:00,2020,1,5,20,158
05-01-20 21:00,2020,1,5,21,161
05-01-20 22:00,2020,1,5,22,162
05-01-20 23:00,2020,1,5,23,163
06-01-20 0:00,2020,1,6,0,161
06-01-20 1:00,2020,1,6,1,159
06-01-20 2:00,2020,1,6,2,157
06-01-20 3:00,2020,1,6,3,154
06-01-20 4:00,2020,1,6,4,153
06-01-20 5:00,2020,1,6,5,152
06-01-20 6:00,2020,1,6,6,152
06-01-20 7:00,2020,1,6,7,151
06-01-20 8:00,2020,1,6,8,154
06-01-20 9:00,2020,1,6,9,154
06-01-20 10:00,2020,1,6,10,152
06-01-20 11:00,2020,1,6,11,136
06-01-20 12:00,2020,1,6,12,134
06-01-20 13:00,2020,1,6,13,126
06-01-20 14:00,2020,1,6,14,129
06-01-20 15:00,2020,1,6,15,125
06-01-20 16:00,2020,1,6,16,127
06-01-20 17:00,2020,1,6,17,124
06-01-20 18:00,2020,1,6,18,136
06-01-20 19:00,2020,1,6,19,134
06-01-20 20:00,2020,1,6,20,136
06-01-20 21:00,2020,1,6,21,139
06-01-20 22:00,2020,1,6,22,147
06-01-20 23:00,2020,1,6,23,152
07-01-20 0:00,2020,1,7,0,152
07-01-20 1:00,2020,1,7,1,152
07-01-20 2:00,2020,1,7,2,144
07-01-20 3:00,2020,1,7,3,125
07-01-20 4:00,2020,1,7,4,109
07-01-20 5:00,2020,1,7,5,102
07-01-20 6:00,2020,1,7,6,110
07-01-20 7:00,2020,1,7,7,122
07-01-20 8:00,2020,1,7,8,139
07-01-20 9:00,2020,1,7,9,153
07-01-20 10:00,2020,1,7,10,155
07-01-20 11:00,2020,1,7,11,153
07-01-20 12:00,2020,1,7,12,152
07-01-20 13:00,2020,1,7,13,146
07-01-20 14:00,2020,1,7,14,137
07-01-20 15:00,2020,1,7,15,134
07-01-20 16:00,2020,1,7,16,134
07-01-20 17:00,2020,1,7,17,140
07-01-20 18:00,2020,1,7,18,142
07-01-20 19:00,2020,1,7,19,151
07-01-20 20:00,2020,1,7,20,152
07-01-20 21:00,2020,1,7,21,154
07-01-20 22:00,2020,1,7,22,154
07-01-20 23:00,2020,1,7,23,154
08-01-20 0:00,2020,1,8,0,154
08-01-20 1:00,2020,1,8,1,142
08-01-20 2:00,2020,1,8,2,132
08-01-20 3:00,2020,1,8,3,120
08-01-20 4:00,2020,1,8,4,116
08-01-20 5:00,2020,1,8,5,109
08-01-20 6:00,2020,1,8,6,104
08-01-20 7:00,2020,1,8,7,111
08-01-20 8:00,2020,1,8,8,114
08-01-20 9:00,2020,1,8,9,115
08-01-20 10:00,2020,1,8,10,114
08-01-20 11:00,2020,1,8,11,109
08-01-20 12:00,2020,1,8,12,107
08-01-20 13:00,2020,1,8,13,107
08-01-20 14:00,2020,1,8,14,104
08-01-20 15:00,2020,1,8,15,94
08-01-20 16:00,2020,1,8,16,90
08-01-20 17:00,2020,1,8,17,91
08-01-20 18:00,2020,1,8,18,89
08-01-20 19:00,2020,1,8,19,90
08-01-20 20:00,2020,1,8,20,116
08-01-20 21:00,2020,1,8,21,120
08-01-20 22:00,2020,1,8,22,114
08-01-20 23:00,2020,1,8,23,114
09-01-20 0:00,2020,1,9,0,107
09-01-20 1:00,2020,1,9,1,107
09-01-20 2:00,2020,1,9,2,102
09-01-20 3:00,2020,1,9,3,98
09-01-20 4:00,2020,1,9,4,99
09-01-20 5:00,2020,1,9,5,95
09-01-20 6:00,2020,1,9,6,94
09-01-20 7:00,2020,1,9,7,100
09-01-20 8:00,2020,1,9,8,107
09-01-20 9:00,2020,1,9,9,121
09-01-20 10:00,2020,1,9,10,146
09-01-20 11:00,2020,1,9,11,142
09-01-20 12:00,2020,1,9,12,136
09-01-20 13:00,2020,1,9,13,124
09-01-20 14:00,2020,1,9,14,111
09-01-20 15:00,2020,1,9,15,105
09-01-20 16:00,2020,1,9,16,98
09-01-20 17:00,2020,1,9,17,96
09-01-20 18:00,2020,1,9,18,105
09-01-20 19:00,2020,1,9,19,131
09-01-20 20:00,2020,1,9,20,156
09-01-20 21:00,2020,1,9,21,162
09-01-20 22:00,2020,1,9,22,158
09-01-20 23:00,2020,1,9,23,158
10-01-20 0:00,2020,1,10,0,157
10-01-20 1:00,2020,1,10,1,158
10-01-20 2:00,2020,1,10,2,158
10-01-20 3:00,2020,1,10,3,160
10-01-20 4:00,2020,1,10,4,160
10-01-20 5:00,2020,1,10,5,159
10-01-20 6:00,2020,1,10,6,158
10-01-20 7:00,2020,1,10,7,158
10-01-20 8:00,2020,1,10,8,160
10-01-20 9:00,2020,1,10,9,161
10-01-20 10:00,2020,1,10,10,160
10-01-20 11:00,2020,1,10,11,161
10-01-20 12:00,2020,1,10,12,161
10-01-20 13:00,2020,1,10,13,160
10-01-20 14:00,2020,1,10,14,160
10-01-20 15:00,2020,1,10,15,159
10-01-20 16:00,2020,1,10,16,158
10-01-20 17:00,2020,1,10,17,158
10-01-20 18:00,2020,1,10,18,157
10-01-20 19:00,2020,1,10,19,157
10-01-20 20:00,2020,1,10,20,157
10-01-20 21:00,2020,1,10,21,157
10-01-20 22:00,2020,1,10,22,157
10-01-20 23:00,2020,1,10,23,161
11-01-20 0:00,2020,1,11,0,166
11-01-20 1:00,2020,1,11,1,167
11-01-20 2:00,2020,1,11,2,166
11-01-20 3:00,2020,1,11,3,166
11-01-20 4:00,2020,1,11,4,165
11-01-20 5:00,2020,1,11,5,163
11-01-20 6:00,2020,1,11,6,162
11-01-20 7:00,2020,1,11,7,160
11-01-20 8:00,2020,1,11,8,160
11-01-20 9:00,2020,1,11,9,161
11-01-20 10:00,2020,1,11,10,162
11-01-20 11:00,2020,1,11,11,161
11-01-20 12:00,2020,1,11,12,161
11-01-20 13:00,2020,1,11,13,159
11-01-20 14:00,2020,1,11,14,157
11-01-20 15:00,2020,1,11,15,157
11-01-20 16:00,2020,1,11,16,157
11-01-20 17:00,2020,1,11,17,156
11-01-20 18:00,2020,1,11,18,156
11-01-20 19:00,2020,1,11,19,164
11-01-20 20:00,2020,1,11,20,169
11-01-20 21:00,2020,1,11,21,170
11-01-20 22:00,2020,1,11,22,177
11-01-20 23:00,2020,1,11,23,173
12-01-20 0:00,2020,1,12,0,172
12-01-20 1:00,2020,1,12,1,169
12-01-20 2:00,2020,1,12,2,167
12-01-20 3:00,2020,1,12,3,166
12-01-20 4:00,2020,1,12,4,164
12-01-20 5:00,2020,1,12,5,163
12-01-20 6:00,2020,1,12,6,165
12-01-20 7:00,2020,1,12,7,169
12-01-20 8:00,2020,1,12,8,169
12-01-20 9:00,2020,1,12,9,169
12-01-20 10:00,2020,1,12,10,169
12-01-20 11:00,2020,1,12,11,167
12-01-20 12:00,2020,1,12,12,156
12-01-20 13:00,2020,1,12,13,148
12-01-20 14:00,2020,1,12,14,134
12-01-20 15:00,2020,1,12,15,128
12-01-20 16:00,2020,1,12,16,124
12-01-20 17:00,2020,1,12,17,125
12-01-20 18:00,2020,1,12,18,144
12-01-20 19:00,2020,1,12,19,157
12-01-20 20:00,2020,1,12,20,166
12-01-20 21:00,2020,1,12,21,164
12-01-20 22:00,2020,1,12,22,161
12-01-20 23:00,2020,1,12,23,160
13-01-20 0:00,2020,1,13,0,163
13-01-20 1:00,2020,1,13,1,165
13-01-20 2:00,2020,1,13,2,165
13-01-20 3:00,2020,1,13,3,171
13-01-20 4:00,2020,1,13,4,176
13-01-20 5:00,2020,1,13,5,174
13-01-20 6:00,2020,1,13,6,174
13-01-20 7:00,2020,1,13,7,182
13-01-20 8:00,2020,1,13,8,195
13-01-20 9:00,2020,1,13,9,198
13-01-20 10:00,2020,1,13,10,193
13-01-20 11:00,2020,1,13,11,189
13-01-20 12:00,2020,1,13,12,177
13-01-20 13:00,2020,1,13,13,164
13-01-20 14:00,2020,1,13,14,157
13-01-20 15:00,2020,1,13,15,153
13-01-20 16:00,2020,1,13,16,143
13-01-20 17:00,2020,1,13,17,131
13-01-20 18:00,2020,1,13,18,140
13-01-20 19:00,2020,1,13,19,164
13-01-20 20:00,2020,1,13,20,167
13-01-20 21:00,2020,1,13,21,163
13-01-20 22:00,2020,1,13,22,167
13-01-20 23:00,2020,1,13,23,169
14-01-20 0:00,2020,1,14,0,170
14-01-20 1:00,2020,1,14,1,173
14-01-20 2:00,2020,1,14,2,172
14-01-20 3:00,2020,1,14,3,172
14-01-20 4:00,2020,1,14,4,170
14-01-20 5:00,2020,1,14,5,170
14-01-20 6:00,2020,1,14,6,174
14-01-20 7:00,2020,1,14,7,181
14-01-20 8:00,2020,1,14,8,189
14-01-20 9:00,2020,1,14,9,205
14-01-20 10:00,2020,1,14,10,197
14-01-20 11:00,2020,1,14,11,188
14-01-20 12:00,2020,1,14,12,179
14-01-20 13:00,2020,1,14,13,168
14-01-20 14:00,2020,1,14,14,156
14-01-20 15:00,2020,1,14,15,154
14-01-20 16:00,2020,1,14,16,153
14-01-20 17:00,2020,1,14,17,153
14-01-20 18:00,2020,1,14,18,153
14-01-20 19:00,2020,1,14,19,157
14-01-20 20:00,2020,1,14,20,162
14-01-20 21:00,2020,1,14,21,163
14-01-20 22:00,2020,1,14,22,160
14-01-20 23:00,2020,1,14,23,161
15-01-20 0:00,2020,1,15,0,160
15-01-20 1:00,2020,1,15,1,158
15-01-20 2:00,2020,1,15,2,158
15-01-20 3:00,2020,1,15,3,156
15-01-20 4:00,2020,1,15,4,156
15-01-20 5:00,2020,1,15,5,154
15-01-20 6:00,2020,1,15,6,154
15-01-20 7:00,2020,1,15,7,152
15-01-20 8:00,2020,1,15,8,152
15-01-20 9:00,2020,1,15,9,152
15-01-20 10:00,2020,1,15,10,152
15-01-20 11:00,2020,1,15,11,152
15-01-20 12:00,2020,1,15,12,143
15-01-20 13:00,2020,1,15,13,113
15-01-20 14:00,2020,1,15,14,99
15-01-20 15:00,2020,1,15,15,89
15-01-20 16:00,2020,1,15,16,81
15-01-20 17:00,2020,1,15,17,79
15-01-20 18:00,2020,1,15,18,81
15-01-20 19:00,2020,1,15,19,90
15-01-20 20:00,2020,1,15,20,106
15-01-20 21:00,2020,1,15,21,121
15-01-20 22:00,2020,1,15,22,135
15-01-20 23:00,2020,1,15,23,144
16-01-20 0:00,2020,1,16,0,137
16-01-20 1:00,2020,1,16,1,129
16-01-20 2:00,2020,1,16,2,119
16-01-20 3:00,2020,1,16,3,118
16-01-20 4:00,2020,1,16,4,109
16-01-20 5:00,2020,1,16,5,105
16-01-20 6:00,2020,1,16,6,106
16-01-20 7:00,2020,1,16,7,106
16-01-20 8:00,2020,1,16,8,107
16-01-20 9:00,2020,1,16,9,110
16-01-20 10:00,2020,1,16,10,105
16-01-20 11:00,2020,1,16,11,91
16-01-20 12:00,2020,1,16,12,89
16-01-20 13:00,2020,1,16,13,85
16-01-20 14:00,2020,1,16,14,84
16-01-20 15:00,2020,1,16,15,79
16-01-20 16:00,2020,1,16,16,78
16-01-20 17:00,2020,1,16,17,85
16-01-20 18:00,2020,1,16,18,94
16-01-20 19:00,2020,1,16,19,106
16-01-20 20:00,2020,1,16,20,128
16-01-20 21:00,2020,1,16,21,146
16-01-20 22:00,2020,1,16,22,139
16-01-20 23:00,2020,1,16,23,140
17-01-20 0:00,2020,1,17,0,134
17-01-20 1:00,2020,1,17,1,118
17-01-20 2:00,2020,1,17,2,104
17-01-20 3:00,2020,1,17,3,91
17-01-20 4:00,2020,1,17,4,74
17-01-20 5:00,2020,1,17,5,69
17-01-20 6:00,2020,1,17,6,71
17-01-20 7:00,2020,1,17,7,79
17-01-20 8:00,2020,1,17,8,81
17-01-20 9:00,2020,1,17,9,77
17-01-20 10:00,2020,1,17,10,83
17-01-20 11:00,2020,1,17,11,79
17-01-20 12:00,2020,1,17,12,77
17-01-20 13:00,2020,1,17,13,77
17-01-20 14:00,2020,1,17,14,77
17-01-20 15:00,2020,1,17,15,78
17-01-20 16:00,2020,1,17,16,77
17-01-20 17:00,2020,1,17,17,79
17-01-20 18:00,2020,1,17,18,79
17-01-20 19:00,2020,1,17,19,87
17-01-20 20:00,2020,1,17,20,98
17-01-20 21:00,2020,1,17,21,99
17-01-20 22:00,2020,1,17,22,103
17-01-20 23:00,2020,1,17,23,106
18-01-20 0:00,2020,1,18,0,106
18-01-20 1:00,2020,1,18,1,96
18-01-20 2:00,2020,1,18,2,95
18-01-20 3:00,2020,1,18,3,89
18-01-20 4:00,2020,1,18,4,79
18-01-20 5:00,2020,1,18,5,79
18-01-20 6:00,2020,1,18,6,74
18-01-20 7:00,2020,1,18,7,81
18-01-20 8:00,2020,1,18,8,79
18-01-20 9:00,2020,1,18,9,77
18-01-20 10:00,2020,1,18,10,79
18-01-20 11:00,2020,1,18,11,77
18-01-20 12:00,2020,1,18,12,76
18-01-20 13:00,2020,1,18,13,77
18-01-20 14:00,2020,1,18,14,77
18-01-20 15:00,2020,1,18,15,77
18-01-20 16:00,2020,1,18,16,77
18-01-20 17:00,2020,1,18,17,85
18-01-20 18:00,2020,1,18,18,87
18-01-20 19:00,2020,1,18,19,103
18-01-20 20:00,2020,1,18,20,116
18-01-20 21:00,2020,1,18,21,122
18-01-20 22:00,2020,1,18,22,121
18-01-20 23:00,2020,1,18,23,126
19-01-20 0:00,2020,1,19,0,118
19-01-20 1:00,2020,1,19,1,135
19-01-20 2:00,2020,1,19,2,115
19-01-20 3:00,2020,1,19,3,103
19-01-20 4:00,2020,1,19,4,89
19-01-20 5:00,2020,1,19,5,83
19-01-20 6:00,2020,1,19,6,80
19-01-20 7:00,2020,1,19,7,82
19-01-20 8:00,2020,1,19,8,82
19-01-20 9:00,2020,1,19,9,87
19-01-20 10:00,2020,1,19,10,88
19-01-20 11:00,2020,1,19,11,91
19-01-20 12:00,2020,1,19,12,83
19-01-20 13:00,2020,1,19,13,85
19-01-20 14:00,2020,1,19,14,88
19-01-20 15:00,2020,1,19,15,86
19-01-20 16:00,2020,1,19,16,88
19-01-20 17:00,2020,1,19,17,89
19-01-20 18:00,2020,1,19,18,89
19-01-20 19:00,2020,1,19,19,92
19-01-20 20:00,2020,1,19,20,93
19-01-20 21:00,2020,1,19,21,103
19-01-20 22:00,2020,1,19,22,116
19-01-20 23:00,2020,1,19,23,115
20-01-20 0:00,2020,1,20,0,112
20-01-20 1:00,2020,1,20,1,118
20-01-20 2:00,2020,1,20,2,124
20-01-20 3:00,2020,1,20,3,124
20-01-20 4:00,2020,1,20,4,119
20-01-20 5:00,2020,1,20,5,125
20-01-20 6:00,2020,1,20,6,121
20-01-20 7:00,2020,1,20,7,136
20-01-20 8:00,2020,1,20,8,145
20-01-20 9:00,2020,1,20,9,148
20-01-20 10:00,2020,1,20,10,136
20-01-20 11:00,2020,1,20,11,129
20-01-20 12:00,2020,1,20,12,114
20-01-20 13:00,2020,1,20,13,97
20-01-20 14:00,2020,1,20,14,87
20-01-20 15:00,2020,1,20,15,84
20-01-20 16:00,2020,1,20,16,84
20-01-20 17:00,2020,1,20,17,84
20-01-20 18:00,2020,1,20,18,92
20-01-20 19:00,2020,1,20,19,95
20-01-20 20:00,2020,1,20,20,106
20-01-20 21:00,2020,1,20,21,108
20-01-20 22:00,2020,1,20,22,109
20-01-20 23:00,2020,1,20,23,107
21-01-20 0:00,2020,1,21,0,102
21-01-20 1:00,2020,1,21,1,103
21-01-20 2:00,2020,1,21,2,103
21-01-20 3:00,2020,1,21,3,104
21-01-20 4:00,2020,1,21,4,105
21-01-20 5:00,2020,1,21,5,102
21-01-20 6:00,2020,1,21,6,99
21-01-20 7:00,2020,1,21,7,97
21-01-20 8:00,2020,1,21,8,113
21-01-20 9:00,2020,1,21,9,113
21-01-20 10:00,2020,1,21,10,109
21-01-20 11:00,2020,1,21,11,95
21-01-20 12:00,2020,1,21,12,93
21-01-20 13:00,2020,1,21,13,94
21-01-20 14:00,2020,1,21,14,86
21-01-20 15:00,2020,1,21,15,82
21-01-20 16:00,2020,1,21,16,84
21-01-20 17:00,2020,1,21,17,87
21-01-20 18:00,2020,1,21,18,87
21-01-20 19:00,2020,1,21,19,91
21-01-20 20:00,2020,1,21,20,110
21-01-20 21:00,2020,1,21,21,124
21-01-20 22:00,2020,1,21,22,120
21-01-20 23:00,2020,1,21,23,122
22-01-20 0:00,2020,1,22,0,117
22-01-20 1:00,2020,1,22,1,116
22-01-20 2:00,2020,1,22,2,110
22-01-20 3:00,2020,1,22,3,109
22-01-20 4:00,2020,1,22,4,91
22-01-20 5:00,2020,1,22,5,87
22-01-20 6:00,2020,1,22,6,82
22-01-20 7:00,2020,1,22,7,87
22-01-20 8:00,2020,1,22,8,89
22-01-20 9:00,2020,1,22,9,87
22-01-20 10:00,2020,1,22,10,88
22-01-20 11:00,2020,1,22,11,91
22-01-20 12:00,2020,1,22,12,92
22-01-20 13:00,2020,1,22,13,90
22-01-20 14:00,2020,1,22,14,89
22-01-20 15:00,2020,1,22,15,89
22-01-20 16:00,2020,1,22,16,89
22-01-20 17:00,2020,1,22,17,91
22-01-20 18:00,2020,1,22,18,93
22-01-20 19:00,2020,1,22,19,105
22-01-20 20:00,2020,1,22,20,143
22-01-20 21:00,2020,1,22,21,151
22-01-20 22:00,2020,1,22,22,154
22-01-20 23:00,2020,1,22,23,157
23-01-20 0:00,2020,1,23,0,159
23-01-20 1:00,2020,1,23,1,159
23-01-20 2:00,2020,1,23,2,160
23-01-20 3:00,2020,1,23,3,157
23-01-20 4:00,2020,1,23,4,155
23-01-20 5:00,2020,1,23,5,152
23-01-20 6:00,2020,1,23,6,151
23-01-20 7:00,2020,1,23,7,140
23-01-20 8:00,2020,1,23,8,153
23-01-20 9:00,2020,1,23,9,157
23-01-20 10:00,2020,1,23,10,156
23-01-20 11:00,2020,1,23,11,155
23-01-20 12:00,2020,1,23,12,141
23-01-20 13:00,2020,1,23,13,118
23-01-20 14:00,2020,1,23,14,112
23-01-20 15:00,2020,1,23,15,96
23-01-20 16:00,2020,1,23,16,89
23-01-20 17:00,2020,1,23,17,89
23-01-20 18:00,2020,1,23,18,95
23-01-20 19:00,2020,1,23,19,111
23-01-20 20:00,2020,1,23,20,138
23-01-20 21:00,2020,1,23,21,153
23-01-20 22:00,2020,1,23,22,154
23-01-20 23:00,2020,1,23,23,157
24-01-20 0:00,2020,1,24,0,158
24-01-20 1:00,2020,1,24,1,162
24-01-20 2:00,2020,1,24,2,163
24-01-20 3:00,2020,1,24,3,164
24-01-20 4:00,2020,1,24,4,168
24-01-20 5:00,2020,1,24,5,169
24-01-20 6:00,2020,1,24,6,169
24-01-20 7:00,2020,1,24,7,173
24-01-20 8:00,2020,1,24,8,174
24-01-20 9:00,2020,1,24,9,180
24-01-20 10:00,2020,1,24,10,171
24-01-20 11:00,2020,1,24,11,159
24-01-20 12:00,2020,1,24,12,139
24-01-20 13:00,2020,1,24,13,108
24-01-20 14:00,2020,1,24,14,94
24-01-20 15:00,2020,1,24,15,86
24-01-20 16:00,2020,1,24,16,83
24-01-20 17:00,2020,1,24,17,87
24-01-20 18:00,2020,1,24,18,89
24-01-20 19:00,2020,1,24,19,107
24-01-20 20:00,2020,1,24,20,144
24-01-20 21:00,2020,1,24,21,155
24-01-20 22:00,2020,1,24,22,158
24-01-20 23:00,2020,1,24,23,156
25-01-20 0:00,2020,1,25,0,156
25-01-20 1:00,2020,1,25,1,157
25-01-20 2:00,2020,1,25,2,157
25-01-20 3:00,2020,1,25,3,158
25-01-20 4:00,2020,1,25,4,159
25-01-20 5:00,2020,1,25,5,161
25-01-20 6:00,2020,1,25,6,170
25-01-20 7:00,2020,1,25,7,180
25-01-20 8:00,2020,1,25,8,177
25-01-20 9:00,2020,1,25,9,178
25-01-20 10:00,2020,1,25,10,169
25-01-20 11:00,2020,1,25,11,159
25-01-20 12:00,2020,1,25,12,153
25-01-20 13:00,2020,1,25,13,152
25-01-20 14:00,2020,1,25,14,137
25-01-20 15:00,2020,1,25,15,132
25-01-20 16:00,2020,1,25,16,129
25-01-20 17:00,2020,1,25,17,132
25-01-20 18:00,2020,1,25,18,143
25-01-20 19:00,2020,1,25,19,152
25-01-20 20:00,2020,1,25,20,158
25-01-20 21:00,2020,1,25,21,159
25-01-20 22:00,2020,1,25,22,158
25-01-20 23:00,2020,1,25,23,157
26-01-20 0:00,2020,1,26,0,157
26-01-20 1:00,2020,1,26,1,158
26-01-20 2:00,2020,1,26,2,161
26-01-20 3:00,2020,1,26,3,162
26-01-20 4:00,2020,1,26,4,166
26-01-20 5:00,2020,1,26,5,167
26-01-20 6:00,2020,1,26,6,166
26-01-20 7:00,2020,1,26,7,165
26-01-20 8:00,2020,1,26,8,166
26-01-20 9:00,2020,1,26,9,175
26-01-20 10:00,2020,1,26,10,172
26-01-20 11:00,2020,1,26,11,167
26-01-20 12:00,2020,1,26,12,160
26-01-20 13:00,2020,1,26,13,158
26-01-20 14:00,2020,1,26,14,159
26-01-20 15:00,2020,1,26,15,156
26-01-20 16:00,2020,1,26,16,146
26-01-20 17:00,2020,1,26,17,127
26-01-20 18:00,2020,1,26,18,129
26-01-20 19:00,2020,1,26,19,136
26-01-20 20:00,2020,1,26,20,156
26-01-20 21:00,2020,1,26,21,163
26-01-20 22:00,2020,1,26,22,159
26-01-20 23:00,2020,1,26,23,159
27-01-20 0:00,2020,1,27,0,157
27-01-20 1:00,2020,1,27,1,157
27-01-20 2:00,2020,1,27,2,158
27-01-20 3:00,2020,1,27,3,158
27-01-20 4:00,2020,1,27,4,169
27-01-20 5:00,2020,1,27,5,165
27-01-20 6:00,2020,1,27,6,164
27-01-20 7:00,2020,1,27,7,163
27-01-20 8:00,2020,1,27,8,163
27-01-20 9:00,2020,1,27,9,166
27-01-20 10:00,2020,1,27,10,170
27-01-20 11:00,2020,1,27,11,165
27-01-20 12:00,2020,1,27,12,157
27-01-20 13:00,2020,1,27,13,144
27-01-20 14:00,2020,1,27,14,119
27-01-20 15:00,2020,1,27,15,108
27-01-20 16:00,2020,1,27,16,108
27-01-20 17:00,2020,1,27,17,104
27-01-20 18:00,2020,1,27,18,103
27-01-20 19:00,2020,1,27,19,112
27-01-20 20:00,2020,1,27,20,117
27-01-20 21:00,2020,1,27,21,121
27-01-20 22:00,2020,1,27,22,132
27-01-20 23:00,2020,1,27,23,143
28-01-20 0:00,2020,1,28,0,135
28-01-20 1:00,2020,1,28,1,132
28-01-20 2:00,2020,1,28,2,136
28-01-20 3:00,2020,1,28,3,140
28-01-20 4:00,2020,1,28,4,144
28-01-20 5:00,2020,1,28,5,145
28-01-20 6:00,2020,1,28,6,148
28-01-20 7:00,2020,1,28,7,151
28-01-20 8:00,2020,1,28,8,153
28-01-20 9:00,2020,1,28,9,155
28-01-20 10:00,2020,1,28,10,153
28-01-20 11:00,2020,1,28,11,152
28-01-20 12:00,2020,1,28,12,151
28-01-20 13:00,2020,1,28,13,146
28-01-20 14:00,2020,1,28,14,137
28-01-20 15:00,2020,1,28,15,130
28-01-20 16:00,2020,1,28,16,117
28-01-20 17:00,2020,1,28,17,119
28-01-20 18:00,2020,1,28,18,121
28-01-20 19:00,2020,1,28,19,142
28-01-20 20:00,2020,1,28,20,152
28-01-20 21:00,2020,1,28,21,157
28-01-20 22:00,2020,1,28,22,161
28-01-20 23:00,2020,1,28,23,162
29-01-20 0:00,2020,1,29,0,166
29-01-20 1:00,2020,1,29,1,171
29-01-20 2:00,2020,1,29,2,169
29-01-20 3:00,2020,1,29,3,170
29-01-20 4:00,2020,1,29,4,168
29-01-20 5:00,2020,1,29,5,159
29-01-20 6:00,2020,1,29,6,156
29-01-20 7:00,2020,1,29,7,161
29-01-20 8:00,2020,1,29,8,162
29-01-20 9:00,2020,1,29,9,162
29-01-20 11:00,2020,1,29,11,-999
29-01-20 12:00,2020,1,29,12,130
29-01-20 13:00,2020,1,29,13,126
29-01-20 14:00,2020,1,29,14,121
29-01-20 15:00,2020,1,29,15,113
29-01-20 16:00,2020,1,29,16,106
29-01-20 17:00,2020,1,29,17,105
29-01-20 18:00,2020,1,29,18,110
29-01-20 19:00,2020,1,29,19,119
29-01-20 20:00,2020,1,29,20,144
29-01-20 21:00,2020,1,29,21,152
29-01-20 22:00,2020,1,29,22,146
29-01-20 23:00,2020,1,29,23,144
30-01-20 0:00,2020,1,30,0,141
30-01-20 1:00,2020,1,30,1,135
30-01-20 2:00,2020,1,30,2,137
30-01-20 3:00,2020,1,30,3,138
30-01-20 4:00,2020,1,30,4,144
30-01-20 5:00,2020,1,30,5,138
30-01-20 6:00,2020,1,30,6,137
30-01-20 7:00,2020,1,30,7,144
30-01-20 8:00,2020,1,30,8,151
30-01-20 9:00,2020,1,30,9,152
30-01-20 10:00,2020,1,30,10,158
30-01-20 11:00,2020,1,30,11,161
30-01-20 12:00,2020,1,30,12,162
30-01-20 13:00,2020,1,30,13,161
30-01-20 14:00,2020,1,30,14,159
30-01-20 15:00,2020,1,30,15,159
30-01-20 16:00,2020,1,30,16,159
30-01-20 17:00,2020,1,30,17,158
30-01-20 18:00,2020,1,30,18,155
30-01-20 19:00,2020,1,30,19,159
30-01-20 20:00,2020,1,30,20,160
30-01-20 21:00,2020,1,30,21,160
30-01-20 22:00,2020,1,30,22,159
30-01-20 23:00,2020,1,30,23,159
31-01-20 0:00,2020,1,31,0,160
31-01-20 1:00,2020,1,31,1,160
31-01-20 2:00,2020,1,31,2,157
31-01-20 3:00,2020,1,31,3,154
31-01-20 4:00,2020,1,31,4,137
31-01-20 5:00,2020,1,31,5,128
31-01-20 6:00,2020,1,31,6,126
31-01-20 7:00,2020,1,31,7,131
31-01-20 8:00,2020,1,31,8,144
31-01-20 9:00,2020,1,31,9,153
31-01-20 10:00,2020,1,31,10,150
31-01-20 11:00,2020,1,31,11,138
31-01-20 12:00,2020,1,31,12,141
31-01-20 13:00,2020,1,31,13,143
31-01-20 14:00,2020,1,31,14,149
31-01-20 15:00,2020,1,31,15,150
31-01-20 16:00,2020,1,31,16,152
31-01-20 17:00,2020,1,31,17,151
31-01-20 18:00,2020,1,31,18,148
31-01-20 19:00,2020,1,31,19,150
31-01-20 20:00,2020,1,31,20,145
31-01-20 21:00,2020,1,31,21,147
31-01-20 22:00,2020,1,31,22,151
31-01-20 23:00,2020,1,31,23,151
01-02-20 0:00,2020,2,1,0,148
01-02-20 1:00,2020,2,1,1,145
01-02-20 2:00,2020,2,1,2,137
01-02-20 3:00,2020,2,1,3,118
01-02-20 4:00,2020,2,1,4,113
01-02-20 5:00,2020,2,1,5,110
01-02-20 6:00,2020,2,1,6,99
01-02-20 7:00,2020,2,1,7,90
01-02-20 8:00,2020,2,1,8,97
01-02-20 9:00,2020,2,1,9,97
01-02-20 10:00,2020,2,1,10,107
01-02-20 11:00,2020,2,1,11,116
01-02-20 12:00,2020,2,1,12,119
01-02-20 13:00,2020,2,1,13,109
01-02-20 14:00,2020,2,1,14,103
01-02-20 15:00,2020,2,1,15,105
01-02-20 16:00,2020,2,1,16,100
01-02-20 17:00,2020,2,1,17,109
01-02-20 18:00,2020,2,1,18,109
01-02-20 19:00,2020,2,1,19,112
01-02-20 20:00,2020,2,1,20,122
01-02-20 21:00,2020,2,1,21,127
01-02-20 22:00,2020,2,1,22,118
01-02-20 23:00,2020,2,1,23,112
02-02-20 0:00,2020,2,2,0,109
02-02-20 1:00,2020,2,2,1,96
02-02-20 2:00,2020,2,2,2,91
02-02-20 3:00,2020,2,2,3,86
02-02-20 4:00,2020,2,2,4,82
02-02-20 5:00,2020,2,2,5,86
02-02-20 6:00,2020,2,2,6,96
02-02-20 7:00,2020,2,2,7,90
02-02-20 8:00,2020,2,2,8,93
02-02-20 9:00,2020,2,2,9,99
02-02-20 10:00,2020,2,2,10,100
02-02-20 11:00,2020,2,2,11,104
02-02-20 12:00,2020,2,2,12,99
02-02-20 13:00,2020,2,2,13,97
02-02-20 14:00,2020,2,2,14,95
02-02-20 15:00,2020,2,2,15,96
02-02-20 16:00,2020,2,2,16,96
02-02-20 17:00,2020,2,2,17,96
02-02-20 18:00,2020,2,2,18,95
02-02-20 19:00,2020,2,2,19,98
02-02-20 20:00,2020,2,2,20,102
02-02-20 21:00,2020,2,2,21,105
02-02-20 22:00,2020,2,2,22,116
02-02-20 23:00,2020,2,2,23,112
03-02-20 0:00,2020,2,3,0,105
03-02-20 1:00,2020,2,3,1,99
03-02-20 2:00,2020,2,3,2,104
03-02-20 3:00,2020,2,3,3,96
03-02-20 4:00,2020,2,3,4,92
03-02-20 5:00,2020,2,3,5,91
03-02-20 6:00,2020,2,3,6,87
03-02-20 7:00,2020,2,3,7,88
03-02-20 8:00,2020,2,3,8,97
03-02-20 9:00,2020,2,3,9,97
03-02-20 10:00,2020,2,3,10,105
03-02-20 11:00,2020,2,3,11,107
03-02-20 12:00,2020,2,3,12,102
03-02-20 13:00,2020,2,3,13,90
03-02-20 14:00,2020,2,3,14,84
03-02-20 15:00,2020,2,3,15,80
03-02-20 16:00,2020,2,3,16,77
03-02-20 17:00,2020,2,3,17,80
03-02-20 18:00,2020,2,3,18,87
03-02-20 19:00,2020,2,3,19,93
03-02-20 20:00,2020,2,3,20,97
03-02-20 21:00,2020,2,3,21,97
03-02-20 22:00,2020,2,3,22,98
03-02-20 23:00,2020,2,3,23,100
04-02-20 0:00,2020,2,4,0,97
04-02-20 1:00,2020,2,4,1,93
04-02-20 2:00,2020,2,4,2,92
04-02-20 3:00,2020,2,4,3,85
04-02-20 4:00,2020,2,4,4,79
04-02-20 5:00,2020,2,4,5,76
04-02-20 6:00,2020,2,4,6,79
04-02-20 7:00,2020,2,4,7,81
04-02-20 8:00,2020,2,4,8,82
04-02-20 9:00,2020,2,4,9,88
04-02-20 10:00,2020,2,4,10,90
04-02-20 11:00,2020,2,4,11,73
04-02-20 12:00,2020,2,4,12,61
04-02-20 13:00,2020,2,4,13,59
04-02-20 14:00,2020,2,4,14,63
04-02-20 15:00,2020,2,4,15,67
04-02-20 16:00,2020,2,4,16,71
04-02-20 17:00,2020,2,4,17,75
04-02-20 18:00,2020,2,4,18,79
04-02-20 19:00,2020,2,4,19,83
04-02-20 20:00,2020,2,4,20,95
04-02-20 21:00,2020,2,4,21,96
04-02-20 22:00,2020,2,4,22,97
04-02-20 23:00,2020,2,4,23,93
05-02-20 0:00,2020,2,5,0,89
05-02-20 1:00,2020,2,5,1,80
05-02-20 2:00,2020,2,5,2,81
05-02-20 3:00,2020,2,5,3,81
05-02-20 4:00,2020,2,5,4,85
05-02-20 5:00,2020,2,5,5,83
05-02-20 6:00,2020,2,5,6,80
05-02-20 7:00,2020,2,5,7,81
05-02-20 8:00,2020,2,5,8,84
05-02-20 9:00,2020,2,5,9,96
05-02-20 10:00,2020,2,5,10,105
05-02-20 11:00,2020,2,5,11,107
05-02-20 12:00,2020,2,5,12,95
05-02-20 13:00,2020,2,5,13,81
05-02-20 14:00,2020,2,5,14,80
05-02-20 15:00,2020,2,5,15,78
05-02-20 16:00,2020,2,5,16,80
05-02-20 17:00,2020,2,5,17,79
05-02-20 18:00,2020,2,5,18,81
05-02-20 19:00,2020,2,5,19,84
05-02-20 20:00,2020,2,5,20,92
05-02-20 21:00,2020,2,5,21,93
05-02-20 22:00,2020,2,5,22,88
05-02-20 23:00,2020,2,5,23,88
06-02-20 0:00,2020,2,6,0,88
06-02-20 1:00,2020,2,6,1,89
06-02-20 2:00,2020,2,6,2,88
06-02-20 3:00,2020,2,6,3,87
06-02-20 4:00,2020,2,6,4,88
06-02-20 5:00,2020,2,6,5,93
06-02-20 6:00,2020,2,6,6,99
06-02-20 7:00,2020,2,6,7,109
06-02-20 8:00,2020,2,6,8,123
06-02-20 9:00,2020,2,6,9,143
06-02-20 10:00,2020,2,6,10,152
06-02-20 11:00,2020,2,6,11,149
06-02-20 12:00,2020,2,6,12,121
06-02-20 13:00,2020,2,6,13,96
06-02-20 14:00,2020,2,6,14,96
06-02-20 15:00,2020,2,6,15,83
06-02-20 16:00,2020,2,6,16,79
06-02-20 17:00,2020,2,6,17,85
06-02-20 18:00,2020,2,6,18,91
06-02-20 19:00,2020,2,6,19,92
06-02-20 20:00,2020,2,6,20,99
06-02-20 21:00,2020,2,6,21,104
06-02-20 22:00,2020,2,6,22,97
06-02-20 23:00,2020,2,6,23,91
07-02-20 0:00,2020,2,7,0,88
07-02-20 1:00,2020,2,7,1,87
07-02-20 2:00,2020,2,7,2,77
07-02-20 3:00,2020,2,7,3,76
07-02-20 4:00,2020,2,7,4,78
07-02-20 5:00,2020,2,7,5,84
07-02-20 6:00,2020,2,7,6,86
07-02-20 7:00,2020,2,7,7,93
07-02-20 8:00,2020,2,7,8,99
07-02-20 9:00,2020,2,7,9,115
07-02-20 10:00,2020,2,7,10,115
07-02-20 12:00,2020,2,7,12,-999
07-02-20 13:00,2020,2,7,13,80
07-02-20 14:00,2020,2,7,14,78
07-02-20 15:00,2020,2,7,15,79
07-02-20 16:00,2020,2,7,16,83
07-02-20 17:00,2020,2,7,17,91
07-02-20 18:00,2020,2,7,18,97
07-02-20 19:00,2020,2,7,19,102
07-02-20 20:00,2020,2,7,20,103
07-02-20 21:00,2020,2,7,21,105
07-02-20 22:00,2020,2,7,22,99
07-02-20 23:00,2020,2,7,23,92
08-02-20 0:00,2020,2,8,0,90
08-02-20 1:00,2020,2,8,1,86
08-02-20 2:00,2020,2,8,2,86
08-02-20 3:00,2020,2,8,3,82
08-02-20 4:00,2020,2,8,4,80
08-02-20 5:00,2020,2,8,5,82
08-02-20 6:00,2020,2,8,6,83
08-02-20 7:00,2020,2,8,7,83
08-02-20 8:00,2020,2,8,8,101
08-02-20 9:00,2020,2,8,9,118
08-02-20 10:00,2020,2,8,10,132
08-02-20 11:00,2020,2,8,11,125
08-02-20 12:00,2020,2,8,12,118
08-02-20 13:00,2020,2,8,13,121
08-02-20 14:00,2020,2,8,14,120
08-02-20 15:00,2020,2,8,15,117
08-02-20 16:00,2020,2,8,16,121
08-02-20 17:00,2020,2,8,17,115
08-02-20 18:00,2020,2,8,18,110
08-02-20 19:00,2020,2,8,19,124
08-02-20 20:00,2020,2,8,20,134
08-02-20 21:00,2020,2,8,21,153
08-02-20 22:00,2020,2,8,22,138
08-02-20 23:00,2020,2,8,23,135
09-02-20 0:00,2020,2,9,0,131
09-02-20 1:00,2020,2,9,1,125
09-02-20 2:00,2020,2,9,2,126
09-02-20 3:00,2020,2,9,3,124
09-02-20 4:00,2020,2,9,4,116
09-02-20 5:00,2020,2,9,5,111
09-02-20 6:00,2020,2,9,6,105
09-02-20 7:00,2020,2,9,7,94
09-02-20 8:00,2020,2,9,8,94
09-02-20 9:00,2020,2,9,9,107
09-02-20 10:00,2020,2,9,10,108
09-02-20 11:00,2020,2,9,11,116
09-02-20 12:00,2020,2,9,12,119
09-02-20 13:00,2020,2,9,13,120
09-02-20 14:00,2020,2,9,14,87
09-02-20 15:00,2020,2,9,15,76
09-02-20 16:00,2020,2,9,16,79
09-02-20 17:00,2020,2,9,17,76
09-02-20 18:00,2020,2,9,18,73
09-02-20 19:00,2020,2,9,19,72
09-02-20 20:00,2020,2,9,20,79
09-02-20 21:00,2020,2,9,21,87
09-02-20 22:00,2020,2,9,22,96
09-02-20 23:00,2020,2,9,23,96
10-02-20 0:00,2020,2,10,0,97
10-02-20 1:00,2020,2,10,1,113
10-02-20 2:00,2020,2,10,2,101
10-02-20 3:00,2020,2,10,3,91
10-02-20 4:00,2020,2,10,4,84
10-02-20 5:00,2020,2,10,5,93
10-02-20 6:00,2020,2,10,6,89
10-02-20 7:00,2020,2,10,7,88
10-02-20 8:00,2020,2,10,8,97
10-02-20 9:00,2020,2,10,9,103
10-02-20 10:00,2020,2,10,10,109
10-02-20 11:00,2020,2,10,11,114
10-02-20 12:00,2020,2,10,12,107
10-02-20 13:00,2020,2,10,13,111
10-02-20 14:00,2020,2,10,14,107
10-02-20 15:00,2020,2,10,15,103
10-02-20 16:00,2020,2,10,16,102
10-02-20 17:00,2020,2,10,17,98
10-02-20 18:00,2020,2,10,18,102
10-02-20 19:00,2020,2,10,19,108
10-02-20 20:00,2020,2,10,20,116
10-02-20 21:00,2020,2,10,21,134
10-02-20 22:00,2020,2,10,22,135
10-02-20 23:00,2020,2,10,23,130
11-02-20 0:00,2020,2,11,0,123
11-02-20 1:00,2020,2,11,1,114
11-02-20 2:00,2020,2,11,2,104
11-02-20 3:00,2020,2,11,3,93
11-02-20 4:00,2020,2,11,4,89
11-02-20 5:00,2020,2,11,5,90
11-02-20 6:00,2020,2,11,6,88
11-02-20 7:00,2020,2,11,7,88
11-02-20 8:00,2020,2,11,8,95
11-02-20 9:00,2020,2,11,9,105
11-02-20 10:00,2020,2,11,10,110
11-02-20 11:00,2020,2,11,11,120
11-02-20 12:00,2020,2,11,12,120
11-02-20 13:00,2020,2,11,13,117
11-02-20 14:00,2020,2,11,14,114
11-02-20 15:00,2020,2,11,15,116
11-02-20 16:00,2020,2,11,16,115
11-02-20 17:00,2020,2,11,17,118
11-02-20 18:00,2020,2,11,18,121
11-02-20 19:00,2020,2,11,19,131
11-02-20 20:00,2020,2,11,20,153
11-02-20 21:00,2020,2,11,21,155
11-02-20 22:00,2020,2,11,22,156
11-02-20 23:00,2020,2,11,23,155
12-02-20 0:00,2020,2,12,0,153
12-02-20 1:00,2020,2,12,1,153
12-02-20 2:00,2020,2,12,2,147
12-02-20 3:00,2020,2,12,3,138
12-02-20 4:00,2020,2,12,4,128
12-02-20 5:00,2020,2,12,5,117
12-02-20 6:00,2020,2,12,6,128
12-02-20 7:00,2020,2,12,7,134
12-02-20 8:00,2020,2,12,8,130
12-02-20 9:00,2020,2,12,9,136
12-02-20 10:00,2020,2,12,10,141
12-02-20 11:00,2020,2,12,11,139
12-02-20 12:00,2020,2,12,12,136
12-02-20 13:00,2020,2,12,13,135
12-02-20 14:00,2020,2,12,14,130
12-02-20 15:00,2020,2,12,15,123
12-02-20 16:00,2020,2,12,16,129
12-02-20 17:00,2020,2,12,17,129
12-02-20 18:00,2020,2,12,18,133
12-02-20 19:00,2020,2,12,19,143
12-02-20 20:00,2020,2,12,20,153
12-02-20 21:00,2020,2,12,21,157
12-02-20 22:00,2020,2,12,22,159
12-02-20 23:00,2020,2,12,23,161
13-02-20 0:00,2020,2,13,0,162
13-02-20 1:00,2020,2,13,1,160
13-02-20 2:00,2020,2,13,2,161
13-02-20 3:00,2020,2,13,3,157
13-02-20 4:00,2020,2,13,4,155
13-02-20 5:00,2020,2,13,5,154
13-02-20 6:00,2020,2,13,6,156
13-02-20 7:00,2020,2,13,7,159
13-02-20 8:00,2020,2,13,8,169
13-02-20 9:00,2020,2,13,9,172
13-02-20 10:00,2020,2,13,10,163
13-02-20 11:00,2020,2,13,11,155
13-02-20 12:00,2020,2,13,12,146
13-02-20 13:00,2020,2,13,13,128
13-02-20 14:00,2020,2,13,14,118
13-02-20 15:00,2020,2,13,15,113
13-02-20 16:00,2020,2,13,16,110
13-02-20 17:00,2020,2,13,17,111
13-02-20 18:00,2020,2,13,18,119
13-02-20 19:00,2020,2,13,19,147
13-02-20 20:00,2020,2,13,20,154
13-02-20 21:00,2020,2,13,21,156
13-02-20 22:00,2020,2,13,22,162
13-02-20 23:00,2020,2,13,23,165
14-02-20 0:00,2020,2,14,0,175
14-02-20 1:00,2020,2,14,1,178
14-02-20 2:00,2020,2,14,2,178
14-02-20 3:00,2020,2,14,3,183
14-02-20 4:00,2020,2,14,4,198
14-02-20 5:00,2020,2,14,5,221
14-02-20 6:00,2020,2,14,6,223
14-02-20 7:00,2020,2,14,7,247
14-02-20 8:00,2020,2,14,8,249
14-02-20 9:00,2020,2,14,9,227
14-02-20 10:00,2020,2,14,10,197
14-02-20 11:00,2020,2,14,11,171
14-02-20 12:00,2020,2,14,12,158
14-02-20 13:00,2020,2,14,13,152
14-02-20 14:00,2020,2,14,14,135
14-02-20 15:00,2020,2,14,15,122
14-02-20 16:00,2020,2,14,16,122
14-02-20 17:00,2020,2,14,17,131
14-02-20 18:00,2020,2,14,18,130
14-02-20 19:00,2020,2,14,19,136
14-02-20 20:00,2020,2,14,20,152
14-02-20 21:00,2020,2,14,21,161
14-02-20 22:00,2020,2,14,22,165
14-02-20 23:00,2020,2,14,23,160
15-02-20 0:00,2020,2,15,0,159
15-02-20 1:00,2020,2,15,1,161
15-02-20 2:00,2020,2,15,2,166
15-02-20 3:00,2020,2,15,3,172
15-02-20 4:00,2020,2,15,4,175
15-02-20 5:00,2020,2,15,5,180
15-02-20 6:00,2020,2,15,6,186
15-02-20 7:00,2020,2,15,7,203
15-02-20 8:00,2020,2,15,8,289
15-02-20 9:00,2020,2,15,9,303
15-02-20 10:00,2020,2,15,10,260
15-02-20 11:00,2020,2,15,11,193
15-02-20 12:00,2020,2,15,12,170
15-02-20 13:00,2020,2,15,13,155
15-02-20 14:00,2020,2,15,14,133
15-02-20 15:00,2020,2,15,15,125
15-02-20 16:00,2020,2,15,16,122
15-02-20 17:00,2020,2,15,17,123
15-02-20 18:00,2020,2,15,18,119
15-02-20 19:00,2020,2,15,19,128
15-02-20 20:00,2020,2,15,20,153
15-02-20 21:00,2020,2,15,21,158
15-02-20 22:00,2020,2,15,22,160
15-02-20 23:00,2020,2,15,23,158
16-02-20 0:00,2020,2,16,0,158
16-02-20 1:00,2020,2,16,1,161
16-02-20 2:00,2020,2,16,2,172
16-02-20 3:00,2020,2,16,3,170
16-02-20 4:00,2020,2,16,4,170
16-02-20 5:00,2020,2,16,5,174
16-02-20 6:00,2020,2,16,6,176
16-02-20 7:00,2020,2,16,7,177
16-02-20 8:00,2020,2,16,8,179
16-02-20 9:00,2020,2,16,9,176
16-02-20 10:00,2020,2,16,10,168
16-02-20 11:00,2020,2,16,11,158
16-02-20 12:00,2020,2,16,12,153
16-02-20 13:00,2020,2,16,13,145
16-02-20 14:00,2020,2,16,14,140
16-02-20 15:00,2020,2,16,15,132
16-02-20 16:00,2020,2,16,16,124
16-02-20 17:00,2020,2,16,17,138
16-02-20 18:00,2020,2,16,18,148
16-02-20 19:00,2020,2,16,19,145
16-02-20 20:00,2020,2,16,20,152
16-02-20 21:00,2020,2,16,21,158
16-02-20 22:00,2020,2,16,22,158
16-02-20 23:00,2020,2,16,23,157
17-02-20 0:00,2020,2,17,0,158
17-02-20 1:00,2020,2,17,1,159
17-02-20 2:00,2020,2,17,2,159
17-02-20 3:00,2020,2,17,3,156
17-02-20 4:00,2020,2,17,4,155
17-02-20 5:00,2020,2,17,5,155
17-02-20 6:00,2020,2,17,6,155
17-02-20 7:00,2020,2,17,7,156
17-02-20 8:00,2020,2,17,8,164
17-02-20 9:00,2020,2,17,9,175
17-02-20 10:00,2020,2,17,10,166
17-02-20 11:00,2020,2,17,11,156
17-02-20 12:00,2020,2,17,12,152
17-02-20 13:00,2020,2,17,13,130
17-02-20 14:00,2020,2,17,14,126
17-02-20 15:00,2020,2,17,15,121
17-02-20 16:00,2020,2,17,16,119
17-02-20 17:00,2020,2,17,17,124
17-02-20 18:00,2020,2,17,18,122
17-02-20 19:00,2020,2,17,19,124
17-02-20 20:00,2020,2,17,20,129
17-02-20 21:00,2020,2,17,21,131
17-02-20 22:00,2020,2,17,22,137
17-02-20 23:00,2020,2,17,23,154
18-02-20 0:00,2020,2,18,0,153
18-02-20 1:00,2020,2,18,1,154
18-02-20 2:00,2020,2,18,2,152
18-02-20 3:00,2020,2,18,3,124
18-02-20 4:00,2020,2,18,4,103
18-02-20 5:00,2020,2,18,5,104
18-02-20 6:00,2020,2,18,6,107
18-02-20 7:00,2020,2,18,7,117
18-02-20 8:00,2020,2,18,8,139
18-02-20 9:00,2020,2,18,9,128
18-02-20 10:00,2020,2,18,10,111
18-02-20 11:00,2020,2,18,11,89
18-02-20 12:00,2020,2,18,12,79
18-02-20 13:00,2020,2,18,13,65
18-02-20 14:00,2020,2,18,14,60
18-02-20 15:00,2020,2,18,15,60
18-02-20 16:00,2020,2,18,16,66
18-02-20 17:00,2020,2,18,17,72
18-02-20 18:00,2020,2,18,18,78
18-02-20 19:00,2020,2,18,19,94
18-02-20 20:00,2020,2,18,20,115
18-02-20 21:00,2020,2,18,21,151
18-02-20 22:00,2020,2,18,22,152
18-02-20 23:00,2020,2,18,23,129
19-02-20 0:00,2020,2,19,0,139
19-02-20 1:00,2020,2,19,1,147
19-02-20 2:00,2020,2,19,2,154
19-02-20 3:00,2020,2,19,3,159
19-02-20 4:00,2020,2,19,4,156
19-02-20 5:00,2020,2,19,5,151
19-02-20 6:00,2020,2,19,6,161
19-02-20 7:00,2020,2,19,7,183
19-02-20 8:00,2020,2,19,8,177
19-02-20 9:00,2020,2,19,9,169
19-02-20 10:00,2020,2,19,10,160
19-02-20 11:00,2020,2,19,11,154
19-02-20 12:00,2020,2,19,12,136
19-02-20 13:00,2020,2,19,13,118
19-02-20 14:00,2020,2,19,14,104
19-02-20 15:00,2020,2,19,15,107
19-02-20 16:00,2020,2,19,16,106
19-02-20 17:00,2020,2,19,17,109
19-02-20 18:00,2020,2,19,18,114
19-02-20 19:00,2020,2,19,19,134
19-02-20 20:00,2020,2,19,20,139
19-02-20 21:00,2020,2,19,21,144
19-02-20 22:00,2020,2,19,22,142
19-02-20 23:00,2020,2,19,23,135
20-02-20 0:00,2020,2,20,0,130
20-02-20 1:00,2020,2,20,1,125
20-02-20 2:00,2020,2,20,2,124
20-02-20 3:00,2020,2,20,3,121
20-02-20 4:00,2020,2,20,4,120
20-02-20 5:00,2020,2,20,5,120
20-02-20 6:00,2020,2,20,6,122
20-02-20 7:00,2020,2,20,7,127
20-02-20 8:00,2020,2,20,8,137
20-02-20 9:00,2020,2,20,9,139
20-02-20 10:00,2020,2,20,10,142
20-02-20 11:00,2020,2,20,11,139
20-02-20 12:00,2020,2,20,12,132
20-02-20 13:00,2020,2,20,13,123
20-02-20 14:00,2020,2,20,14,119
20-02-20 15:00,2020,2,20,15,117
20-02-20 16:00,2020,2,20,16,116
20-02-20 17:00,2020,2,20,17,117
20-02-20 18:00,2020,2,20,18,125
20-02-20 19:00,2020,2,20,19,132
20-02-20 20:00,2020,2,20,20,141
20-02-20 21:00,2020,2,20,21,147
20-02-20 22:00,2020,2,20,22,153
20-02-20 23:00,2020,2,20,23,153
21-02-20 0:00,2020,2,21,0,152
21-02-20 1:00,2020,2,21,1,144
21-02-20 2:00,2020,2,21,2,126
21-02-20 3:00,2020,2,21,3,119
21-02-20 4:00,2020,2,21,4,115
21-02-20 5:00,2020,2,21,5,116
21-02-20 6:00,2020,2,21,6,109
21-02-20 7:00,2020,2,21,7,108
21-02-20 8:00,2020,2,21,8,107
21-02-20 9:00,2020,2,21,9,108
21-02-20 10:00,2020,2,21,10,110
21-02-20 11:00,2020,2,21,11,109
21-02-20 12:00,2020,2,21,12,102
21-02-20 13:00,2020,2,21,13,92
21-02-20 14:00,2020,2,21,14,85
21-02-20 15:00,2020,2,21,15,73
21-02-20 16:00,2020,2,21,16,66
21-02-20 17:00,2020,2,21,17,67
21-02-20 18:00,2020,2,21,18,75
21-02-20 19:00,2020,2,21,19,89
21-02-20 20:00,2020,2,21,20,102
21-02-20 21:00,2020,2,21,21,106
21-02-20 22:00,2020,2,21,22,109
21-02-20 23:00,2020,2,21,23,117
22-02-20 0:00,2020,2,22,0,122
22-02-20 1:00,2020,2,22,1,111
22-02-20 2:00,2020,2,22,2,97
22-02-20 3:00,2020,2,22,3,86
22-02-20 4:00,2020,2,22,4,78
22-02-20 5:00,2020,2,22,5,74
22-02-20 6:00,2020,2,22,6,82
22-02-20 7:00,2020,2,22,7,84
22-02-20 8:00,2020,2,22,8,87
22-02-20 9:00,2020,2,22,9,92
22-02-20 10:00,2020,2,22,10,90
22-02-20 11:00,2020,2,22,11,77
22-02-20 12:00,2020,2,22,12,70
22-02-20 13:00,2020,2,22,13,70
22-02-20 14:00,2020,2,22,14,75
22-02-20 15:00,2020,2,22,15,70
22-02-20 16:00,2020,2,22,16,75
22-02-20 17:00,2020,2,22,17,77
22-02-20 18:00,2020,2,22,18,84
22-02-20 19:00,2020,2,22,19,96
22-02-20 20:00,2020,2,22,20,109
22-02-20 21:00,2020,2,22,21,117
22-02-20 22:00,2020,2,22,22,113
22-02-20 23:00,2020,2,22,23,114
23-02-20 0:00,2020,2,23,0,110
23-02-20 1:00,2020,2,23,1,102
23-02-20 2:00,2020,2,23,2,92
23-02-20 3:00,2020,2,23,3,87
23-02-20 4:00,2020,2,23,4,77
23-02-20 5:00,2020,2,23,5,74
23-02-20 6:00,2020,2,23,6,76
23-02-20 7:00,2020,2,23,7,79
23-02-20 8:00,2020,2,23,8,85
23-02-20 9:00,2020,2,23,9,94
23-02-20 10:00,2020,2,23,10,94
23-02-20 11:00,2020,2,23,11,87
23-02-20 12:00,2020,2,23,12,87
23-02-20 13:00,2020,2,23,13,74
23-02-20 14:00,2020,2,23,14,65
23-02-20 15:00,2020,2,23,15,65
23-02-20 16:00,2020,2,23,16,70
23-02-20 17:00,2020,2,23,17,70
23-02-20 18:00,2020,2,23,18,74
23-02-20 19:00,2020,2,23,19,83
23-02-20 20:00,2020,2,23,20,89
23-02-20 21:00,2020,2,23,21,110
23-02-20 22:00,2020,2,23,22,106
23-02-20 23:00,2020,2,23,23,114
24-02-20 0:00,2020,2,24,0,105
24-02-20 1:00,2020,2,24,1,105
24-02-20 2:00,2020,2,24,2,106
24-02-20 3:00,2020,2,24,3,98
24-02-20 4:00,2020,2,24,4,102
24-02-20 5:00,2020,2,24,5,105
24-02-20 6:00,2020,2,24,6,99
24-02-20 7:00,2020,2,24,7,102
24-02-20 8:00,2020,2,24,8,112
24-02-20 9:00,2020,2,24,9,119
24-02-20 10:00,2020,2,24,10,126
24-02-20 11:00,2020,2,24,11,123
24-02-20 12:00,2020,2,24,12,109
24-02-20 13:00,2020,2,24,13,91
24-02-20 14:00,2020,2,24,14,79
24-02-20 15:00,2020,2,24,15,76
24-02-20 16:00,2020,2,24,16,70
24-02-20 17:00,2020,2,24,17,70
24-02-20 18:00,2020,2,24,18,76
24-02-20 19:00,2020,2,24,19,85
24-02-20 20:00,2020,2,24,20,92
24-02-20 21:00,2020,2,24,21,105
24-02-20 22:00,2020,2,24,22,111
24-02-20 23:00,2020,2,24,23,104
25-02-20 0:00,2020,2,25,0,98
25-02-20 1:00,2020,2,25,1,96
25-02-20 2:00,2020,2,25,2,93
25-02-20 3:00,2020,2,25,3,91
25-02-20 4:00,2020,2,25,4,96
25-02-20 5:00,2020,2,25,5,101
25-02-20 6:00,2020,2,25,6,105
25-02-20 7:00,2020,2,25,7,119
25-02-20 8:00,2020,2,25,8,124
25-02-20 9:00,2020,2,25,9,125
25-02-20 10:00,2020,2,25,10,130
25-02-20 11:00,2020,2,25,11,128
25-02-20 12:00,2020,2,25,12,129
25-02-20 13:00,2020,2,25,13,128
25-02-20 14:00,2020,2,25,14,130
25-02-20 15:00,2020,2,25,15,128
25-02-20 16:00,2020,2,25,16,128
25-02-20 17:00,2020,2,25,17,128
25-02-20 18:00,2020,2,25,18,131
25-02-20 19:00,2020,2,25,19,131
25-02-20 20:00,2020,2,25,20,133
25-02-20 21:00,2020,2,25,21,131
25-02-20 22:00,2020,2,25,22,127
25-02-20 23:00,2020,2,25,23,127
26-02-20 0:00,2020,2,26,0,127
26-02-20 1:00,2020,2,26,1,128
26-02-20 2:00,2020,2,26,2,128
26-02-20 3:00,2020,2,26,3,129
26-02-20 4:00,2020,2,26,4,127
26-02-20 5:00,2020,2,26,5,130
26-02-20 6:00,2020,2,26,6,127
26-02-20 7:00,2020,2,26,7,134
26-02-20 8:00,2020,2,26,8,148
26-02-20 9:00,2020,2,26,9,149
26-02-20 10:00,2020,2,26,10,143
26-02-20 11:00,2020,2,26,11,144
26-02-20 12:00,2020,2,26,12,144
26-02-20 13:00,2020,2,26,13,144
26-02-20 14:00,2020,2,26,14,148
26-02-20 15:00,2020,2,26,15,144
26-02-20 16:00,2020,2,26,16,142
26-02-20 17:00,2020,2,26,17,142
26-02-20 18:00,2020,2,26,18,147
26-02-20 19:00,2020,2,26,19,152
26-02-20 20:00,2020,2,26,20,153
26-02-20 21:00,2020,2,26,21,151
26-02-20 22:00,2020,2,26,22,143
26-02-20 23:00,2020,2,26,23,143
27-02-20 0:00,2020,2,27,0,142
27-02-20 1:00,2020,2,27,1,143
27-02-20 2:00,2020,2,27,2,129
27-02-20 3:00,2020,2,27,3,117
27-02-20 4:00,2020,2,27,4,101
27-02-20 5:00,2020,2,27,5,102
27-02-20 6:00,2020,2,27,6,109
27-02-20 7:00,2020,2,27,7,112
27-02-20 8:00,2020,2,27,8,122
27-02-20 9:00,2020,2,27,9,136
27-02-20 10:00,2020,2,27,10,127
27-02-20 11:00,2020,2,27,11,103
27-02-20 12:00,2020,2,27,12,95
27-02-20 13:00,2020,2,27,13,96
27-02-20 14:00,2020,2,27,14,96
27-02-20 15:00,2020,2,27,15,96
27-02-20 16:00,2020,2,27,16,100
27-02-20 17:00,2020,2,27,17,98
27-02-20 18:00,2020,2,27,18,99
27-02-20 19:00,2020,2,27,19,111
27-02-20 20:00,2020,2,27,20,131
27-02-20 21:00,2020,2,27,21,134
27-02-20 22:00,2020,2,27,22,129
27-02-20 23:00,2020,2,27,23,130
28-02-20 0:00,2020,2,28,0,144
28-02-20 1:00,2020,2,28,1,152
28-02-20 2:00,2020,2,28,2,154
28-02-20 3:00,2020,2,28,3,151
28-02-20 4:00,2020,2,28,4,143
28-02-20 5:00,2020,2,28,5,125
28-02-20 6:00,2020,2,28,6,136
28-02-20 7:00,2020,2,28,7,124
28-02-20 8:00,2020,2,28,8,125
28-02-20 9:00,2020,2,28,9,122
28-02-20 10:00,2020,2,28,10,124
28-02-20 11:00,2020,2,28,11,117
28-02-20 12:00,2020,2,28,12,114
28-02-20 13:00,2020,2,28,13,103
28-02-20 14:00,2020,2,28,14,103
28-02-20 15:00,2020,2,28,15,101
28-02-20 16:00,2020,2,28,16,102
28-02-20 17:00,2020,2,28,17,104
28-02-20 18:00,2020,2,28,18,107
28-02-20 19:00,2020,2,28,19,113
28-02-20 20:00,2020,2,28,20,119
28-02-20 21:00,2020,2,28,21,125
28-02-20 22:00,2020,2,28,22,128
28-02-20 23:00,2020,2,28,23,135
29-02-20 0:00,2020,2,29,0,135
29-02-20 1:00,2020,2,29,1,136
29-02-20 2:00,2020,2,29,2,129
29-02-20 3:00,2020,2,29,3,118
29-02-20 4:00,2020,2,29,4,116
29-02-20 5:00,2020,2,29,5,114
29-02-20 6:00,2020,2,29,6,104
29-02-20 7:00,2020,2,29,7,108
29-02-20 8:00,2020,2,29,8,110
29-02-20 9:00,2020,2,29,9,109
29-02-20 10:00,2020,2,29,10,107
29-02-20 11:00,2020,2,29,11,108
29-02-20 12:00,2020,2,29,12,99
29-02-20 13:00,2020,2,29,13,98
29-02-20 14:00,2020,2,29,14,96
29-02-20 15:00,2020,2,29,15,99
29-02-20 16:00,2020,2,29,16,103
29-02-20 17:00,2020,2,29,17,105
29-02-20 18:00,2020,2,29,18,105
29-02-20 19:00,2020,2,29,19,116
29-02-20 20:00,2020,2,29,20,124
29-02-20 21:00,2020,2,29,21,128
29-02-20 22:00,2020,2,29,22,129
29-02-20 23:00,2020,2,29,23,132
01-03-20 0:00,2020,3,1,0,136
